{"cameraMode":{"drawMode":0,"name":"Shaded","section":"Shading Mode"},"sceneLighting":true,"audioPlay":false,"sceneViewState":{"showFog":true,"showMaterialUpdate":false,"showSkybox":true,"showFlares":true,"showImageEffects":true,"showParticleSystems":true},"in2DMode":false,"pivot":{"x":-1.1987003087997437,"y":-1.6950709819793702,"z":-4.865283489227295},"rotation":{"x":-0.402553528547287,"y":-0.0027468991465866567,"z":0.0012065409682691098,"w":-0.9153926968574524},"size":15.84019660949707,"orthographic":true}